id,regulator,title,opened,closed,status,comments_published,url,source_url,outcome_note,as_of
rbi-charges-2022,rbi,Discussion Paper on Charges in Payment Systems (40 questions on UPI/IMPS/NEFT/card charges),2022-08-17,2022-10-03,final,no,https://www.business-standard.com/article/finance/rbi-releases-discussion-paper-on-charges-in-payment-systems-122081700968_1.html,https://community.nasscom.in/communities/policy-advocacy/reserve-bank-india-feedback-discussion-paper-charges-payment-systems,"Submissions were never published by RBI; commenters self-published (NASSCOM's full submission is public by its own choice). The paper set off the UPI-charges debate; the finance ministry publicly denied any plan to charge UPI, and the merchant-discount-rate question resurfaced in later rule-making.",2026-09-26
rbi-pa-pg-2019,rbi,Discussion Paper on Guidelines for Payment Gateways and Payment Aggregators,2019-10-17,,final,no,https://vidhilegalpolicy.in/wp-content/uploads/2020/06/20191017_Submission-by-Vidhi-Centre-for-Legal-Policy-on-RBI-Discussion-Paper-on-Guidelines-for-Payment-Gateways-and-Payment-Aggregators.pdf,https://vidhilegalpolicy.in/wp-content/uploads/2020/06/20191017_Submission-by-Vidhi-Centre-for-Legal-Policy-on-RBI-Discussion-Paper-on-Guidelines-for-Payment-Gateways-and-Payment-Aggregators.pdf,"Final PA/PG directions followed in 2020; the comment record survives only because commenters like Vidhi published their own submissions, including its delegated-legislation objections on the PSS Act.",2026-09-26
sebi-cas-2026,sebi,"Consultation Paper on Review of Closing Auction Session, Market Timings and Settlement Methodologies for Derivative Contracts",2026-09-12,2026-10-03,closed,yes,https://www.sebi.gov.in/reports-and-statistics/reports/sep-2026/consultation-paper-on-review-of-certain-aspects-of-the-closing-auction-session-market-timings-and-settlement-methodologies-for-derivative-contracts-_104464.html,https://legal.economictimes.indiatimes.com/amp/news/regulators/sebi-receives-20000-comments-on-consultation-paper-regarding-closing-auction-session/134680344,"SEBI's verified account reported 20,000 comments by 19:00 IST on the final submission day, 3 Oct 2026. Submissions and the regulator's response remain to be tracked.",2026-10-05
sebi-governance-2025,sebi,"Consultation Paper on Corporate Governance: secretarial compliance, auditors, related-party transactions",2025-02-07,,closed,yes,https://sarafpartners.com/corporate-governance-revamp-sebis-consultation-paper-on-auditors-compliance-reports-and-rpts,https://sarafpartners.com/corporate-governance-revamp-sebis-consultation-paper-on-auditors-compliance-reports-and-rpts,,2026-09-26
sebi-procedure-2024,sebi,"SEBI (Procedure for Making, Amending and Reviewing of Regulations) — formalised pre-legislative consultation",2024-12-18,,final,yes,https://indiacorplaw.in/2025/03/01/sebis-new-consultation-procedure-for-making-regulations,https://indiacorplaw.in/2025/03/01/sebis-new-consultation-procedure-for-making-regulations,Board-approved procedure (18 Dec 2024) making structured pre-legislative consultation mandatory — the strongest transparency baseline among the six desks; the watch compares other regulators against it.,2026-09-26
irdai-distribution-2026,irdai,"Public Consultation Paper on Recalibrating Economics of Insurance Distribution (commissions, EoM, Bima Sugam, Public Insurance Registry)",2026-09-23,2026-10-25,live,unknown,https://www.moneycontrol.com/banking/irdai-issues-consultation-paper-on-distribution-reforms-article-14036664.html,https://www.moneycontrol.com/banking/irdai-issues-consultation-paper-on-distribution-reforms-article-14036664.html,"Live watch: who comments on distribution economics (insurers, banks-as-banca partners, brokers, web aggregators) and whether IRDAI publishes a response statement when the final rules land.",2026-09-26
irdai-regmaking-2026,irdai,Draft framework for regulation-making and public consultation under the Sabka Bima Sabki Raksha (Amendment of Insurance Laws) Act 2025,2026-06-17,2026-07-08,closed,proposed,https://www.business-standard.com/finance/insurance/irdai-proposes-framework-for-regulation-making-public-consultations-126061701305_1.html,https://www.business-standard.com/finance/insurance/irdai-proposes-framework-for-regulation-making-public-consultations-126061701305_1.html,"If notified as proposed: minimum 21-day comment windows, and a published general statement of response to comments by notification date — plus a fresh consultation round when final rules differ substantially from drafts.",2026-09-26
ibbi-cirp-2026,ibbi,"Discussion Paper: amendments to CIRP, Liquidation and Personal Guarantor Regulations",2026-07-02,2026-07-22,closed,yes,https://www.corplawupdates.in/updates/ibbi-discussion-paper-cirp-liquidation-pg-regulations-2026,https://www.corplawupdates.in/updates/ibbi-discussion-paper-cirp-liquidation-pg-regulations-2026,Comments submitted through the IBBI website's Public Comments section.,2026-09-26
ibbi-due-diligence-2026,ibbi,Discussion Paper: Guidance to Insolvency Professionals for Due Diligence to Identify Fraudulent or Malicious Initiation of Corporate Insolvency,2026-07-24,2026-08-24,closed,yes,https://ibbi.gov.in/uploads/whatsnew/64e3b5bc6d53160f1919f952ceecd7c1.pdf,https://ibbi.gov.in/uploads/whatsnew/64e3b5bc6d53160f1919f952ceecd7c1.pdf,,2026-09-26
pfrda-valuation-2025,pfrda,Consultation Paper to Align Valuation Practices in the NPS Architecture,2025-09-29,,closed,unknown,https://pib.gov.in/PressReleasePage.aspx?PRID=2181328,https://pib.gov.in/PressReleasePage.aspx?PRID=2181328,Released with an invitation for stakeholder comments; PFRDA's comment-publication practice is the open question this register tracks.,2026-09-26
