id,person,former_office,former_org,new_role,new_org,date,appointer_note,why_consumer_care,source_url,as_of
gandhi-yesbank-2019,R. Gandhi (Rama Subramaniam Gandhi),Deputy Governor (2014–2017),RBI,Additional Director,Yes Bank Ltd,2019-05-14,Appointed by RBI itself for two years,The central bank placed its own former deputy governor on a private bank's board — the same bank it would supersede and rescue within a year.,https://ypfsresourcelibrary.blob.core.windows.net/fcic/YPFS/49NEWPAGE.pdf,2026-09-26
gandhi-yesbank-2025,R. Gandhi,Deputy Governor (2014–2017),RBI,"Non-executive (part-time) Chairman, term 20 Sep 2025 – 13 May 2027",Yes Bank Ltd,2025-09-03,RBI approval letter dated 1 Sep 2025,Successive terms on a regulated bank's board long after leaving the regulator — with the approval of the regulator itself; the appointment shows why cooling-off disclosure rules matter for banking supervision.,https://cfo.economictimes.indiatimes.com/news/leadership/rbi-approves-reappointment-of-r-gandhi-as-yes-bank-chairman/123668369,2026-09-26
gandhi-sahamati,R. Gandhi,Deputy Governor (2014–2017),RBI,Non-executive Chairman,Sahamati (account-aggregator ecosystem alliance),2025-11-20,Sahamati board; now also RBI-recognised SRO (see SROTrac),The alliance that writes account-aggregator standards is now chaired by an ex-RBI deputy governor — a rule-borrower led by a rule-writer; track both layers together.,https://m.economictimes.com/news/india/former-rbi-deputy-governor-r-gandhi-appointed-chairman-of-sahamati/articleshow/131087847.cms,2026-09-26
gandhi-clearcorp,R. Gandhi,Deputy Governor (2014–2017),RBI,Chairman & non-executive Director (since Nov 2019),Clearcorp Dealing Systems (India) Ltd,2019-11-01,Company board,Market-infrastructure vendor chaired by a former deputy governor; demonstrates how post-retirement board seats cluster in regulated financial-market plumbing.,https://www.clearcorp.co.in/web/clearcorp/detail-of-mr.-r.-gandhi,2026-09-26
khan-bandhan-2018,H. R. Khan (Harun Rasid Khan),Deputy Governor (2011–2016); earlier RBI nominee on the Bandhan board,RBI,Non-executive (part-time) Chairman,Bandhan Bank Ltd,2018-12-08,Bank board,A deputy governor who sat as RBI's nominee on a bank during its licence era returned to chair that same bank after retiring.,https://cfo.economictimes.indiatimes.com/news/bandhan-bank-appoints-former-rbi-deputy-governor-h-r-khan-as-chairman/64472180,2026-09-26
khan-au-2024,H. R. Khan,Deputy Governor (2011–2016),RBI,Non-executive (part-time) Chairman from 30 Jan 2024; independent director from Dec 2021,AU Small Finance Bank Ltd,2024-01-30,Bank board,"Second regulated bank chaired by the same ex-deputy governor — the pattern, not the person, is the watch item.",https://www.business-standard.com/industry/banking/au-sfb-appoints-former-rbi-deputy-guv-hr-khan-as-non-executive-chairman-124013000589_1.html,2026-09-26
khan-crl-2019,H. R. Khan,Deputy Governor (2011–2016),RBI,"First chairman, steering committee of the Code for Responsible Lending (CRL) in micro-credit",Code for Responsible Lending (industry code),2019-07-15,Industry committee,The micro-credit industry's self-regulatory code body is chaired by an ex-RBI deputy governor — the SROTrac layer borrowing a regulator's prestige; consumer redress depends on that code working.,https://www.thehindu.com/business/Economy/former-rbi-deputy-governor-appointed-as-chairman-of-microfinance-panel/article30113804.ece,2026-09-26
sinha-vedanta-2018,U. K. Sinha (Upendra Kumar Sinha),Chairman (2011–2017),SEBI,Independent Director,Vedanta Ltd,2018-07-25,Company board,India's markets watchdog chairman joined a large listed group's board a year after leaving SEBI — the classic securities-regulator revolving door.,https://energy.economictimes.indiatimes.com/news/oil-and-gas/vedanta-appoints-former-sebi-chairman-uk-sinha-as-independent-director/63287029,2026-09-26
sinha-nippon-2023,U. K. Sinha,Chairman (2011–2017),SEBI,Independent Director and board Chairman,Nippon Life India Asset Management Ltd,2023-01-13,Company board,The former markets regulator now chairs the board of a mutual-fund house SEBI regulates directly.,https://www.moneycontrol.com/news/business/personal-finance/former-sebi-chief-uk-sinha-joins-nippon-mf-as-independent-director-board-chairman-10475741.html,2026-09-26
sinha-ndtv-2023,U. K. Sinha,Chairman (2011–2017),SEBI,Independent Director and non-executive Chairperson (two years from 27 Mar 2023),NDTV Ltd,2023-03-27,Company board,Board seat in a listed media group — disclosure filings are the public record; tracked here because every door move for a regulator head belongs in one ledger.,https://www.thehindu.com/business/Industry/ndtv-appoints-former-sebi-chairman-uk-sinha-welspun-india-ceo-dipali-goenka-as-independent-directors/article66669245.ece,2026-09-26
sinha-max-2023,U. K. Sinha,Chairman (2011–2017),SEBI,Independent Director,Max Healthcare Institute Ltd,2023-06-30,Company board,Listed-healthcare board seat; part of the same post-SEBI portfolio that includes regulated mutual-fund and listed-entity roles.,https://www.ndtvprofit.com/business/max-healthcare-revamps-board-brings-in-former-sebi-chairman-uk-sinha-as-independent-director-10321481,2026-09-26
sinha-sis-2022,U. K. Sinha,Chairman (2011–2017),SEBI,Independent Director,SIS Ltd,2022-06-21,Company board,Services-sector listed company adds a former regulator head to its board.,https://www.dtnext.in/business/2022/06/21/sis-appoints-former-sebi-chairman-u-k-sinha-as-director,2026-09-26
mundra-ibhfl-2020,S.S. Mundra (Subhash Sheoratan Mundra),"Deputy Governor, RBI (2015–2017)",Reserve Bank of India,"Independent director (2018), then non-executive chairman",Indiabulls Housing Finance Ltd,2020-08-12,Board elevated him from independent director (since 2018) to non-executive chairman on 12 Aug 2020,As RBI DG he supervised NBFCs and housing-finance lenders; he then chaired an NBFC whose loan practices sat inside that supervision,https://www.livemint.com/companies/news/former-rbi-deputy-governor-s-s-mundra-appointed-as-non-executive-chairman-of-indiabulls-housing-11597237985735.html,2026-09-26
mundra-payu-2025,S.S. Mundra,"Deputy Governor, RBI (2015–2017)",Reserve Bank of India,Non-executive independent director,PayU Payments Pvt Ltd,2025-05-30,"Board seat announced 30 May 2025, 17 days after PayU received its final RBI payment-aggregator licence (13 May 2025); also on BSE, Airtel Payments Bank and Havells boards",A licensed payment aggregator hired the former banking supervisor weeks after getting its licence — supervision and supervised meet at the same table,https://economictimes.indiatimes.com/tech/technology/payu-appoints-former-rbi-deputy-governor-two-others-to-its-board/articleshow/121513520.cms,2026-09-26
gopinath-hdfcbank-2015,Shyamala Gopinath,"Deputy Governor, RBI (2004–2011)",Reserve Bank of India,Part-time non-executive chairperson,HDFC Bank Ltd,2015-01-02,"Assumed charge 2 Jan 2015 for a three-year term; chaired the bank's audit, customer-service and fraud-monitoring committees per AGM notices","The RBI's senior-most woman regulator, who handled payments and forex, became chair of India's largest private bank and of its fraud-monitoring committee",https://www.livemint.com/Companies/5hvsqzJGcPzLENjKeJ8VkK/Shyamala-Gopinath-appointed-HDFC-Bank-chairperson.html,2026-09-26
kanungo-iifl-2025,B.P. Kanungo,"Deputy Governor, RBI (2017–2020)",Reserve Bank of India,Independent director (5-year term),IIFL Finance Ltd,2025-06-17,Announced 16–17 Jun 2025; IIFL Finance is an RBI-regulated retail NBFC,The deputy governor who oversaw currency management and NBFC policy joined an NBFC board five years after retirement,https://www.psuconnect.in/bank-news/former-rbi-deputy-governor-joins-board-of-iifl-finance,2026-09-26
vishwanathan-axis-2023,N.S. Vishwanathan,"Deputy Governor, RBI (2016–2020)",Reserve Bank of India,Non-executive (part-time) chairman,Axis Bank Ltd,2023-10-27,Independent director on Axis board from 30 May 2023; part-time chairman effective 27 Oct 2023; RBI approval for a second term (27 Oct 2026–26 Oct 2029) reported Sep 2026; also EY India adviser and Razorpay advisory-board chair,"The deputy governor who led banking supervision chairs a supervised bank — and got a second term, making the door a corridor",https://www.axis.bank.in/about-us/press-releases/axis-bank-appoints-former-rbi-deputy-governor-n-s-vishwanathan-as-non-executive-part-time-chairman,2026-09-26
vishwanathan-fidc-2026,N.S. Vishwanathan,"Deputy Governor, RBI (2016–2020)",Reserve Bank of India,Independent director,Finance Industry Development Council (FIDC — NBFC SRO),2026-09-16,"FIDC, the RBI-recognised SRO for NBFCs, announced his induction (alongside Bajaj Finance vice-chairman Rajeev Jain) on 16 Sep 2026; welcome event 17 Sep",A former banking regulator joining the SRO layer collapses the stack: the rule-borrowers' own trade body now carries a former rule-writer,https://bfsi.economictimes.indiatimes.com/articles/fidc-welcomes-rajeev-jain-and-ns-vishwanathan-to-its-board/131958035,2026-09-26
saran-kfin-2020,Prashant Saran,"Whole-Time Member, SEBI (2012–2016)",Securities and Exchange Board of India,Independent director (26 May 2020 – 25 May 2025),KFin Technologies Ltd,2020-05-26,Five-year term effective 26 May 2020; KFin is a SEBI-regulated registrar and transfer agent for mutual funds and listed companies; he also directs Ascent Fund Services (Singapore) and Hexagram Fintech,SEBI's member for market intermediaries joined a SEBI-regulated market intermediary — the same desk at a different address,https://www.arihantcapital.com/company-information/directors-report/73556,2026-09-26
thorat-sanofi-2016,Usha Thorat,"Deputy Governor, RBI (2005–2010)",Reserve Bank of India,"Independent Director (30 Apr 2016 - 29 Apr 2026, term ended)",Sanofi India Ltd,2016-04-30,Sanofi India board/AGM; appointment dated 30 Apr 2016 per the company's own annual reports (the company website's 2017 date conflicts with its own ARs and MCA records),"Post-RBI, the former bank regulator ended up chairing the company that computes the benchmarks Indian loans and bonds price off",https://www.sanofi.com/assets/countries/india/docs/Investors/annual-reports/annual-report-2019.pdf,2026-09-26
panda-bandhan-2026,Debasish Panda,"Chairperson, IRDAI (2022–2025); earlier Financial Services Secretary",Insurance Regulatory and Development Authority of India,"Non-executive (part-time) chairman and independent director, 3-year term",Bandhan Bank Ltd,2026-07-05,"RBI prior-approval letter dated 22 Apr 2026; board approved 25 Jun 2026; effective 5 Jul 2026, succeeding founder-chairman Anup Kumar Sinha — the second former regulator to chair Bandhan after H.R. Khan",Bandhan has now hired two former RBI/IRDAI chiefs as chairmen in seven years; the revolving door is becoming a hiring pipeline,https://scanx.trade/stock-market-news/companies/bandhan-bank-appoints-debasish-panda-as-non-executive-chairman/43944833,2026-09-26
vijayan-yesbank-2018,T.S. Vijayan,"Chairman, IRDAI (2013–2016); earlier LIC chairman",Insurance Regulatory and Development Authority of India,Independent director (5-year term),Yes Bank Ltd,2018-12-03,Appointed amid a board exodus; he also sat on the CEO search committee that selected Rana Kapoor's successor. Yes Bank was placed under RBI reconstruction in March 2020,The former insurance regulator sat on Yes Bank's board through its final crisis; depositors paid for the governance failure he was hired to guard against,https://www.thehindu.com/business/yes-bank-appoints-former-irdai-chairman-vijayan-as-independent-director/article25656922.ece,2026-09-26
