id,name,org_class,sector,role,url,source_url,layer_link,as_of
pci,Payments Council of India,industry-body,payments,"Apex payments-industry council formed in 2013 under the aegis of IAMAI; self-describes as representing 90%+ of the payments industry; runs committees (merchant aggregators & acquirers, payment processors, networks) and publishes policy-position pages on regulation.",https://www.paymentscouncil.in,https://x.com/PCIUpdates,,2026-09-26
iamai,Internet and Mobile Association of India,industry-body,internet,Industry body for internet and mobile businesses; parent under whose aegis PCI was formed; files consultation responses and policy positions across digital payments and platform regulation.,https://www.iamai.in,https://x.com/PCIUpdates,,2026-09-26
nasscom,NASSCOM,industry-body,IT,"IT-industry body; self-published its feedback on RBI's Charges-in-Payment-Systems discussion paper (Oct 2022), arguing that zero or low fees can deter innovation and competition — a documented position on the UPI pricing question.",https://nasscom.in,https://community.nasscom.in/communities/policy-advocacy/reserve-bank-india-feedback-discussion-paper-charges-payment-systems,,2026-09-26
iba,Indian Banks' Association,industry-body,banking,Association of banks and the banking interest; engages regulators on banking rules; standard commenter on RBI consultation papers.,https://www.iba.org.in,https://www.iba.org.in,,2026-09-26
ficci,FICCI,industry-body,cross-sector,Industry chamber; files consultation responses across financial-sector regulation through committees and task forces.,https://www.ficci.in,https://www.ficci.in,,2026-09-26
cii,Confederation of Indian Industry,industry-body,cross-sector,Industry chamber; files consultation responses across financial-sector regulation through committees and task forces.,https://www.cii.in,https://www.cii.in,,2026-09-26
assocham,ASSOCHAM,industry-body,cross-sector,Industry chamber; files consultation responses across financial-sector regulation through committees and task forces.,https://www.assocham.org,https://www.assocham.org,,2026-09-26
usispf,US-India Strategic Partnership Forum,foreign-lobby,cross-sector,US business forum advocating for member companies in India including financial services; engages on fintech and digital-economy policy with Indian regulators and government.,https://usispf.org,https://usispf.org,,2026-09-26
ispirit,iSPIRT Foundation,think-tank,digital public infrastructure,Non-profit software think tank behind India Stack advocacy; registered in UFF's member roster (SROTrac). A policy NGO with an unusual seat at the table: builds and pitches the infrastructure the state then regulates.,https://ispirit.in,https://srotrac.cashlessconsumer.in/sro-uff.html,srotrac/uff,2026-09-26
dif,Digital India Foundation,think-tank,digital policy,Policy foundation working on digital-economy issues incl. payments and platform regulation; files submissions and op-eds in regulatory debates.,https://www.dif.org.in,https://www.dif.org.in,,2026-09-26
vidhi,Vidhi Centre for Legal Policy,think-tank,legal policy,Independent legal-policy think tank; self-published its submission to RBI's 2019 payment-gateways/aggregators discussion paper — including the delegated-legislation argument on the PSS Act. One of the few commenters whose RBI consultation position is public by its own choice.,https://vidhilegalpolicy.in,https://vidhilegalpolicy.in/wp-content/uploads/2020/06/20191017_Submission-by-Vidhi-Centre-for-Legal-Policy-on-RBI-Discussion-Paper-on-Guidelines-for-Payment-Gateways-and-Payment-Aggregators.pdf,,2026-09-26
dvara,Dvara Research,think-tank,financial inclusion,Research institution focused on financial-systems design for low-income households; publishes on customer-protection architecture in payments and credit.,https://www.dvararesearch.com,https://www.dvararesearch.com,,2026-09-26
cuts,CUTS International,consumer-side,consumer policy,Consumer-interest NGO (Consumer Unity & Trust Society) that files comments in financial-sector consultations from the user's side of the table.,https://cuts-international.org,https://cuts-international.org,,2026-09-26
fidc,Finance Industry Development Council,sro-layer,nbfc,RBI-recognised SRO for NBFCs; per SROTrac's tracking the most active consultation respondent among the recognised SROs. Roster and governance tracked at SROTrac.,https://www.fidcindia.com,https://srotrac.cashlessconsumer.in/work-fidc.html,srotrac/fidc,2026-09-26
face,Fintech Association for Consumer Empowerment,sro-layer,fintech lending,RBI-recognised fintech SRO (Aug 2024); responds to digital-lending consultations. Roster and governance tracked at SROTrac.,https://faceofindia.org,https://srotrac.cashlessconsumer.in/sro-face.html,srotrac/face,2026-09-26
uff,Unified Fintech Forum,sro-layer,fintech,RBI-recognised fintech SRO (Sep 2026; born as DLAI); its member roster is the who's-who of fintech policy interest. Tracked at SROTrac.,https://unifiedfintech.in,https://srotrac.cashlessconsumer.in/sro-uff.html,srotrac/uff,2026-09-26
sahamati,Sahamati,sro-layer,account aggregator,RBI-recognised SRO for the account-aggregator ecosystem; chaired since 2025 by former RBI Deputy Governor R. Gandhi — a documented revolving-door row (see Doors).,https://sahamati.org.in,https://m.economictimes.com/news/india/former-rbi-deputy-governor-r-gandhi-appointed-chairman-of-sahamati/articleshow/131087847.cms,srotrac/sahamati,2026-09-26
mfin,Microfinance Institutions Network,sro-layer,microfinance,RBI-recognised SRO for NBFC-MFIs (2014); H.R. Khan (former RBI DG) was appointed first chairman of the Code for Responsible Lending steering committee in micro-credit — see Doors.,https://mfinindia.org,https://srotrac.cashlessconsumer.in/work-mfin.html,srotrac/mfin,2026-09-26
sadhan,Sa-Dhan,sro-layer,community finance,RBI-recognised SRO (2015) for community-development finance institutions. Tracked at SROTrac.,https://www.sa-dhan.net,https://srotrac.cashlessconsumer.in/sro-sadhan.html,srotrac/sadhan,2026-09-26
fedai,Foreign Exchange Dealers' Association of India,sro-layer,forex,RBI-recognised SRO (Jan 2026) of authorised forex dealers; writes its own market rulebook. Tracked at SROTrac.,https://www.fedai.org.in,https://srotrac.cashlessconsumer.in/sro-fedai.html,srotrac/fedai,2026-09-26
srpa,Self-Regulated PSO Association,sro-layer,payment aggregators,RBI-recognised SRO (Nov 2025) of payment system operators founded by practitioners. Tracked at SROTrac.,https://srpa.org.in,https://srotrac.cashlessconsumer.in/sro-srpa.html,srotrac/srpa,2026-09-26
